"出差人","出差开始日期","出差结束日期","出差人数","出差路线","带队领导","关联对象","对方对接人员","是否完成出差报告","拜访单位与主要事项"
"张三","2023/09/01","2023/09/05","2","北京-上海","李四","合作项目洽谈","王五","是","XX 公司，商讨合作细节"
"赵六","2023/09/08","2023/09/12","1","广州-深圳","孙七","市场调研","周八","否","XX 企业，了解市场动态"
"吴九","2023/09/15","2023/09/18","3","成都-重庆","郑十","客户维护","陈十一","是","XX 客户，解决售后问题"
"王十二","2023/09/22","2023/09/26","2","杭州-南京","李十三","供应商考察","赵十四","是","XX 供应商，评估合作潜力"
"孙十五","2023/09/29","2023/10/02","1","武汉-长沙","周十六","业务拓展","吴十七","否","XX 公司，推广新产品"
"郑十八","2023/10/06","2023/10/10","2","济南-青岛","陈十九","行业交流","王二十","是","XX 协会，参加行业会议"
"李二十一","2023/10/13","2023/10/17","3","沈阳-大连","赵二十二","项目跟进","孙二十三","是","XX 项目，监督进度"
"周二十四","2023/10/20","2023/10/24","2","福州-厦门","吴二十五","市场调研","郑二十六","否","XX 市场，分析竞争态势"
"陈二十七","2023/10/27","2023/10/31","1","西安-兰州","王二十八","客户拜访","李二十九","是","XX 客户，巩固合作关系"
"赵三十","2023/11/03","2023/11/07","2","昆明-贵阳","孙三十一","合作洽谈","周三十二","是","XX 企业，探讨合作意向"
"吴三十三","2023/11/10","2023/11/14","3","石家庄-太原","郑三十四","业务拓展","陈三十五","否","XX 地区，开拓市场"
"王三十六","2023/11/17","2023/11/21","2","呼和浩特-包头","李三十七","供应商走访","赵三十八","是","XX 供应商，优化供应流程"
"孙三十九","2023/11/24","2023/11/28","1","南宁-桂林","周四十","客户服务","吴四十一","是","XX 客户，提升服务质量"
"郑四十二","2023/12/01","2023/12/05","2","海口-三亚","陈四十三","市场考察","王四十四","否","XX 市场，考察投资环境"
"李四十五","2023/12/08","2023/12/12","3","长春-吉林","赵四十六","项目调研","孙四十七","是","XX 项目，收集数据"
"周四十八","2023/12/15","2023/12/19","2","哈尔滨-齐齐哈尔","吴四十九","客户走访","郑五十","是","XX 客户，了解需求"
"陈五十一","2023/12/22","2023/12/26","1","乌鲁木齐-喀什","王五十二","业务交流","李五十三","否","XX 单位，交流经验"
"赵五十四","2023/12/29","2024/01/02","2","银川-石嘴山","孙五十五","市场推广","周五十六","是","XX 地区，推广品牌"
"郑五十七","2024/01/05","2024/01/09","3","西宁-海东","吴五十八","供应商评估","王五十九","是","XX 供应商，评估质量"
"李六十","2024/01/12","2024/01/16","2","合肥-芜湖","孙六十一","项目考察","郑六十二","否","XX 项目，考察可行性" 